{
  "train": {
    "n": 8399,
    "pearson_r": 0.9594567308791043,
    "spearman_r": 0.957993287671401,
    "mse": 0.0028386826731897265,
    "mae": 0.04020722516472524,
    "baseline_cosine_pearson": 0.2786718010902405,
    "baseline_cosine_spearman": 0.2569732058831254
  },
  "val": {
    "n": 1200,
    "pearson_r": 0.8015989886648414,
    "spearman_r": 0.7834138730899769,
    "mse": 0.012940937830688238,
    "mae": 0.09205578881128157,
    "baseline_cosine_pearson": 0.21291831135749817,
    "baseline_cosine_spearman": 0.19624312533609675
  },
  "test": {
    "n": 2400,
    "pearson_r": 0.8067695641377073,
    "spearman_r": 0.78952697747851,
    "mse": 0.011715844437617532,
    "mae": 0.08618321136856136,
    "baseline_cosine_pearson": 0.2842392921447754,
    "baseline_cosine_spearman": 0.2710577953245719
  }
}