{
  "train": {
    "n": 7005,
    "pearson_r": 0.9075074363059457,
    "spearman_r": 0.80033515300624,
    "mse": 0.013065092117387728,
    "mae": 0.08396184417967,
    "baseline_cosine_pearson": 0.3063410818576813,
    "baseline_cosine_spearman": 0.2885144594884908
  },
  "val": {
    "n": 995,
    "pearson_r": 0.600229573263978,
    "spearman_r": 0.5748198155931971,
    "mse": 0.03974012120918337,
    "mae": 0.14962197633991023,
    "baseline_cosine_pearson": 0.3105216920375824,
    "baseline_cosine_spearman": 0.2924581768170071
  },
  "test": {
    "n": 2000,
    "pearson_r": 0.6000861389356706,
    "spearman_r": 0.5807707225677838,
    "mse": 0.042038792190206564,
    "mae": 0.16013995656138544,
    "baseline_cosine_pearson": 0.26611724495887756,
    "baseline_cosine_spearman": 0.2488559058670671
  }
}