{
  "n_valid_events": 1364,
  "F1_pareto": {
    "n_events_with_yes": 1355,
    "yes_total": 37461,
    "gini": 0.48392231980300104,
    "top_pct_for_80pct": 45.018450184501845,
    "ks_D": 0.5623616236162362,
    "ks_p": 9.258853999482465e-198
  },
  "F2_timeofday": {
    "hours": [
      5,
      6,
      7,
      8,
      9,
      10,
      11,
      12,
      13,
      14,
      15,
      16,
      17,
      18,
      19,
      20,
      21,
      22,
      23
    ],
    "counts": [
      7,
      114,
      1252,
      1223,
      530,
      158,
      379,
      593,
      1445,
      947,
      3241,
      8937,
      12098,
      5810,
      653,
      60,
      2,
      1,
      11
    ],
    "slope": 105.73333333333332,
    "intercept": 491.3649122807019,
    "r_squared": 0.031248452960479057,
    "p_value": 0.4690940962707482
  },
  "F3_track_affinity": {
    "n_active_users": 1922,
    "mean_entropy_bits": 1.4038189811750972,
    "median_groups_per_user": 3.0,
    "uniform_bound_bits": 1.9731037640363591,
    "ratio_to_uniform": 0.7114775242754179,
    "t_stat": -26.53685467453002,
    "t_p": 1.8494868444794508e-132
  }
}