{
  "n_pairs": 11999,
  "skipped": 0,
  "scholar_inbox_model": {
    "pearson": 0.16624392272887467,
    "spearman": 0.15361276282722597
  },
  "cosine_baseline": {
    "pearson": 0.27271374105421375,
    "spearman": 0.25316820359743974
  },
  "lift_pp": {
    "pearson": -10.646981832533909,
    "spearman": -9.955544077021377
  },
  "target_stats": {
    "mean": 0.5807442286857238,
    "std": 0.18270678600047655
  },
  "pred_stats": {
    "mean": 0.32092351366555144,
    "std": 0.09417837818950799
  },
  "cos_stats": {
    "mean": 0.8240985530586539,
    "std": 0.019832444134912797
  }
}