{
  "config": {
    "w_fame": 0.3,
    "seeds": [
      1,
      2,
      3
    ],
    "policies": [
      "Random",
      "Cosine",
      "MMR",
      "Capacity-aware",
      "Capacity-aware MMR",
      "DPP"
    ]
  },
  "compliance_values": [
    0.3,
    0.5,
    0.7,
    0.9,
    1.0
  ],
  "results": {
    "0.3": {
      "Random": {
        "overflow_choice_mean": 0.5092592592592593,
        "overflow_choice_std": 0.013094570021973107,
        "utility_mean": 0.30265057164755127
      },
      "Cosine": {
        "overflow_choice_mean": 0.40740740740740744,
        "overflow_choice_std": 0.013094570021973107,
        "utility_mean": 0.3119151047782912
      },
      "MMR": {
        "overflow_choice_mean": 0.40740740740740744,
        "overflow_choice_std": 0.013094570021973107,
        "utility_mean": 0.31161750890986156
      },
      "Capacity-aware": {
        "overflow_choice_mean": 0.3888888888888889,
        "overflow_choice_std": 0.0,
        "utility_mean": 0.3078251474749934
      },
      "Capacity-aware MMR": {
        "overflow_choice_mean": 0.3611111111111111,
        "overflow_choice_std": 0.022680460581325734,
        "utility_mean": 0.30818369761361075
      },
      "DPP": {
        "overflow_choice_mean": 0.4351851851851852,
        "overflow_choice_std": 0.013094570021973083,
        "utility_mean": 0.3104352307749567
      }
    },
    "0.5": {
      "Random": {
        "overflow_choice_mean": 0.49074074074074076,
        "overflow_choice_std": 0.026189140043946214,
        "utility_mean": 0.3018293882488913
      },
      "Cosine": {
        "overflow_choice_mean": 0.4444444444444444,
        "overflow_choice_std": 0.02268046058132571,
        "utility_mean": 0.3175075581298733
      },
      "MMR": {
        "overflow_choice_mean": 0.39814814814814814,
        "overflow_choice_std": 0.05237828008789241,
        "utility_mean": 0.3169700741554808
      },
      "Capacity-aware": {
        "overflow_choice_mean": 0.32407407407407407,
        "overflow_choice_std": 0.013094570021973083,
        "utility_mean": 0.31073137167349774
      },
      "Capacity-aware MMR": {
        "overflow_choice_mean": 0.3333333333333333,
        "overflow_choice_std": 0.0,
        "utility_mean": 0.31155161418117877
      },
      "DPP": {
        "overflow_choice_mean": 0.37037037037037035,
        "overflow_choice_std": 0.013094570021973107,
        "utility_mean": 0.3150441280549299
      }
    },
    "0.7": {
      "Random": {
        "overflow_choice_mean": 0.5092592592592593,
        "overflow_choice_std": 0.013094570021973107,
        "utility_mean": 0.3011710524394933
      },
      "Cosine": {
        "overflow_choice_mean": 0.46296296296296297,
        "overflow_choice_std": 0.026189140043946214,
        "utility_mean": 0.3235406505042428
      },
      "MMR": {
        "overflow_choice_mean": 0.4351851851851852,
        "overflow_choice_std": 0.013094570021973083,
        "utility_mean": 0.3227553289290865
      },
      "Capacity-aware": {
        "overflow_choice_mean": 0.21296296296296297,
        "overflow_choice_std": 0.013094570021973095,
        "utility_mean": 0.31365898993931635
      },
      "Capacity-aware MMR": {
        "overflow_choice_mean": 0.2037037037037037,
        "overflow_choice_std": 0.013094570021973095,
        "utility_mean": 0.31531174630857495
      },
      "DPP": {
        "overflow_choice_mean": 0.3611111111111111,
        "overflow_choice_std": 0.022680460581325734,
        "utility_mean": 0.31992399929121335
      }
    },
    "0.9": {
      "Random": {
        "overflow_choice_mean": 0.5277777777777778,
        "overflow_choice_std": 0.022680460581325734,
        "utility_mean": 0.3003633173766915
      },
      "Cosine": {
        "overflow_choice_mean": 0.49074074074074076,
        "overflow_choice_std": 0.013094570021973107,
        "utility_mean": 0.32967586155267137
      },
      "MMR": {
        "overflow_choice_mean": 0.45370370370370366,
        "overflow_choice_std": 0.013094570021973107,
        "utility_mean": 0.3284242609075425
      },
      "Capacity-aware": {
        "overflow_choice_mean": 0.009259259259259259,
        "overflow_choice_std": 0.013094570021973102,
        "utility_mean": 0.31565450673202555
      },
      "Capacity-aware MMR": {
        "overflow_choice_mean": 0.17592592592592593,
        "overflow_choice_std": 0.013094570021973107,
        "utility_mean": 0.3188395312074721
      },
      "DPP": {
        "overflow_choice_mean": 0.3425925925925926,
        "overflow_choice_std": 0.02618914004394619,
        "utility_mean": 0.32462906326948565
      }
    },
    "1.0": {
      "Random": {
        "overflow_choice_mean": 0.5092592592592593,
        "overflow_choice_std": 0.026189140043946214,
        "utility_mean": 0.2989936108184239
      },
      "Cosine": {
        "overflow_choice_mean": 0.48148148148148145,
        "overflow_choice_std": 0.013094570021973107,
        "utility_mean": 0.3326522273923637
      },
      "MMR": {
        "overflow_choice_mean": 0.49074074074074076,
        "overflow_choice_std": 0.03464497580346244,
        "utility_mean": 0.33125004547651904
      },
      "Capacity-aware": {
        "overflow_choice_mean": 0.0,
        "overflow_choice_std": 0.0,
        "utility_mean": 0.3167931652246973
      },
      "Capacity-aware MMR": {
        "overflow_choice_mean": 0.1574074074074074,
        "overflow_choice_std": 0.013094570021973095,
        "utility_mean": 0.3208960671263379
      },
      "DPP": {
        "overflow_choice_mean": 0.42592592592592593,
        "overflow_choice_std": 0.013094570021973083,
        "utility_mean": 0.3268822890774135
      }
    }
  }
}