{
  "config": {
    "w_fame": 0.3,
    "seeds": [
      1,
      2,
      3
    ],
    "policies": [
      "Random",
      "Cosine",
      "MMR",
      "Capacity-aware",
      "Capacity-aware MMR",
      "DPP"
    ]
  },
  "compliance_values": [
    0.3,
    0.5,
    0.7,
    0.9,
    1.0
  ],
  "results": {
    "0.3": {
      "Random": {
        "overflow_choice_mean": 0.5462962962962963,
        "overflow_choice_std": 0.013094570021973107,
        "utility_mean": 0.3194518731989317
      },
      "Cosine": {
        "overflow_choice_mean": 0.5092592592592593,
        "overflow_choice_std": 0.013094570021973107,
        "utility_mean": 0.3288013889201173
      },
      "MMR": {
        "overflow_choice_mean": 0.48148148148148145,
        "overflow_choice_std": 0.013094570021973107,
        "utility_mean": 0.3284542734118741
      },
      "Capacity-aware": {
        "overflow_choice_mean": 0.46296296296296297,
        "overflow_choice_std": 0.013094570021973107,
        "utility_mean": 0.3242269734842461
      },
      "Capacity-aware MMR": {
        "overflow_choice_mean": 0.48148148148148145,
        "overflow_choice_std": 0.013094570021973107,
        "utility_mean": 0.3248334824330259
      },
      "DPP": {
        "overflow_choice_mean": 0.48148148148148145,
        "overflow_choice_std": 0.013094570021973107,
        "utility_mean": 0.3273601301637937
      }
    },
    "0.5": {
      "Random": {
        "overflow_choice_mean": 0.5555555555555556,
        "overflow_choice_std": 0.0,
        "utility_mean": 0.3185649180087367
      },
      "Cosine": {
        "overflow_choice_mean": 0.5370370370370371,
        "overflow_choice_std": 0.026189140043946214,
        "utility_mean": 0.3345073757071838
      },
      "MMR": {
        "overflow_choice_mean": 0.5740740740740741,
        "overflow_choice_std": 0.013094570021973107,
        "utility_mean": 0.3340387019685717
      },
      "Capacity-aware": {
        "overflow_choice_mean": 0.39814814814814814,
        "overflow_choice_std": 0.013094570021973107,
        "utility_mean": 0.3264426359971329
      },
      "Capacity-aware MMR": {
        "overflow_choice_mean": 0.40740740740740744,
        "overflow_choice_std": 0.013094570021973107,
        "utility_mean": 0.32817846671513284
      },
      "DPP": {
        "overflow_choice_mean": 0.5,
        "overflow_choice_std": 0.022680460581325734,
        "utility_mean": 0.3320324875439595
      }
    },
    "0.7": {
      "Random": {
        "overflow_choice_mean": 0.5740740740740741,
        "overflow_choice_std": 0.026189140043946214,
        "utility_mean": 0.31790029264602043
      },
      "Cosine": {
        "overflow_choice_mean": 0.5277777777777778,
        "overflow_choice_std": 0.0,
        "utility_mean": 0.3409280472235097
      },
      "MMR": {
        "overflow_choice_mean": 0.5370370370370371,
        "overflow_choice_std": 0.03464497580346244,
        "utility_mean": 0.34002952137854214
      },
      "Capacity-aware": {
        "overflow_choice_mean": 0.26851851851851855,
        "overflow_choice_std": 0.013094570021973107,
        "utility_mean": 0.3284112346883858
      },
      "Capacity-aware MMR": {
        "overflow_choice_mean": 0.35185185185185186,
        "overflow_choice_std": 0.026189140043946214,
        "utility_mean": 0.3316638582387165
      },
      "DPP": {
        "overflow_choice_mean": 0.46296296296296297,
        "overflow_choice_std": 0.026189140043946214,
        "utility_mean": 0.3370467311141953
      }
    },
    "0.9": {
      "Random": {
        "overflow_choice_mean": 0.5740740740740741,
        "overflow_choice_std": 0.026189140043946214,
        "utility_mean": 0.3171598597594216
      },
      "Cosine": {
        "overflow_choice_mean": 0.5277777777777778,
        "overflow_choice_std": 0.0,
        "utility_mean": 0.34792260006703385
      },
      "MMR": {
        "overflow_choice_mean": 0.5277777777777778,
        "overflow_choice_std": 0.0,
        "utility_mean": 0.34642431451589045
      },
      "Capacity-aware": {
        "overflow_choice_mean": 0.009259259259259259,
        "overflow_choice_std": 0.013094570021973102,
        "utility_mean": 0.3301101448540308
      },
      "Capacity-aware MMR": {
        "overflow_choice_mean": 0.2962962962962963,
        "overflow_choice_std": 0.034644975803462416,
        "utility_mean": 0.3355911586533335
      },
      "DPP": {
        "overflow_choice_mean": 0.49074074074074076,
        "overflow_choice_std": 0.026189140043946214,
        "utility_mean": 0.34233066585741934
      }
    },
    "1.0": {
      "Random": {
        "overflow_choice_mean": 0.5925925925925927,
        "overflow_choice_std": 0.013094570021973107,
        "utility_mean": 0.31589303444304306
      },
      "Cosine": {
        "overflow_choice_mean": 0.5277777777777778,
        "overflow_choice_std": 0.022680460581325734,
        "utility_mean": 0.35153274798501033
      },
      "MMR": {
        "overflow_choice_mean": 0.5648148148148149,
        "overflow_choice_std": 0.026189140043946214,
        "utility_mean": 0.34980857488647027
      },
      "Capacity-aware": {
        "overflow_choice_mean": 0.0,
        "overflow_choice_std": 0.0,
        "utility_mean": 0.33131825595135533
      },
      "Capacity-aware MMR": {
        "overflow_choice_mean": 0.25,
        "overflow_choice_std": 0.0,
        "utility_mean": 0.3378843641870928
      },
      "DPP": {
        "overflow_choice_mean": 0.5,
        "overflow_choice_std": 0.0,
        "utility_mean": 0.34502437026287164
      }
    }
  }
}