{
  "comparisons": {
    "mean_overload_excess": {
      "spearman_rho": 0.8499999999999999,
      "p_value": 0.0037047773275858125,
      "policies": [
        "Calibrated",
        "Capacity-aware",
        "Capacity-aware MMR",
        "Cosine",
        "DPP",
        "GNN",
        "MMR",
        "Random",
        "Sequential"
      ],
      "mobius_values": [
        0.48653928571428573,
        0.22397916666666667,
        0.25336488095238097,
        0.45122797619047617,
        0.3867375,
        0.48724285714285714,
        0.41882440476190474,
        0.36940773809523814,
        0.4899678571428572
      ],
      "movielens_values": [
        4.007083333333334,
        3.2083333333333335,
        1.7866666666666666,
        4.155,
        3.2045833333333333,
        4.012083333333333,
        3.6041666666666665,
        2.3791666666666664,
        4.289166666666667
      ],
      "consistent": true
    },
    "hall_utilization_variance": {
      "spearman_rho": 0.9,
      "p_value": 0.0009430623223403288,
      "policies": [
        "Calibrated",
        "Capacity-aware",
        "Capacity-aware MMR",
        "Cosine",
        "DPP",
        "GNN",
        "MMR",
        "Random",
        "Sequential"
      ],
      "mobius_values": [
        0.24833110253632318,
        3.326134206769118e-05,
        0.007757253371966072,
        0.1756591054589737,
        0.11385624529268497,
        0.20420557021080038,
        0.13261317220122618,
        0.037458688922482566,
        0.22602517497270513
      ],
      "movielens_values": [
        5.2730213031561,
        1.9114357872830847,
        0.02368878000795226,
        4.810567814399486,
        2.9513230723359944,
        4.234669368632291,
        4.109341375907423,
        0.6423559592407565,
        4.70868466294446
      ],
      "consistent": true
    },
    "hall_load_gini": {
      "spearman_rho": -0.33333333333333337,
      "p_value": 0.38071318167686347,
      "policies": [
        "Calibrated",
        "Capacity-aware",
        "Capacity-aware MMR",
        "Cosine",
        "DPP",
        "GNN",
        "MMR",
        "Random",
        "Sequential"
      ],
      "mobius_values": [
        0.2816095661891493,
        0.31150085890917717,
        0.2960660084509252,
        0.253050414116182,
        0.29469840833770644,
        0.23599995068930482,
        0.2764554143860867,
        0.23822921518646636,
        0.27425442689734075
      ],
      "movielens_values": [
        0.8092826847987664,
        0.6909937144430363,
        0.5647221614479401,
        0.7862362521172371,
        0.7372418483351214,
        0.7789751555732587,
        0.772946137786529,
        0.6311239888250212,
        0.7905922033955686
      ],
      "consistent": false
    },
    "overflow_rate_choice": {
      "spearman_rho": -0.29411764705882354,
      "p_value": 0.44235740429608333,
      "policies": [
        "Calibrated",
        "Capacity-aware",
        "Capacity-aware MMR",
        "Cosine",
        "DPP",
        "GNN",
        "MMR",
        "Random",
        "Sequential"
      ],
      "mobius_values": [
        0.5944444444444444,
        0.0,
        0.26666666666666666,
        0.5333333333333333,
        0.5111111111111111,
        0.5944444444444444,
        0.5611111111111111,
        0.6055555555555556,
        0.5444444444444445
      ],
      "movielens_values": [
        0.5,
        0.932,
        1.0,
        0.568,
        0.66,
        0.584,
        0.552,
        1.0,
        0.572
      ],
      "consistent": false
    },
    "mean_user_utility": {
      "spearman_rho": 0.5166666666666667,
      "p_value": 0.15439012098622507,
      "policies": [
        "Calibrated",
        "Capacity-aware",
        "Capacity-aware MMR",
        "Cosine",
        "DPP",
        "GNN",
        "MMR",
        "Random",
        "Sequential"
      ],
      "mobius_values": [
        0.3398964229810356,
        0.33102028281594115,
        0.3376560482492096,
        0.3514387575491028,
        0.34503040351780223,
        0.3263934049338635,
        0.3497468701668841,
        0.31606869472485827,
        0.3235207527839907
      ],
      "movielens_values": [
        0.6970689683103933,
        0.6401775226743194,
        0.5462354310853523,
        0.7113131234209985,
        0.6311585786565905,
        0.6968155228633434,
        0.6914569579272065,
        0.4302208273882046,
        0.6896700319003314
      ],
      "consistent": true
    }
  }
}