{
  "comparisons": {
    "mean_overload_excess": {
      "spearman_rho": 0.7666666666666667,
      "p_value": 0.01594401657897403,
      "policies": [
        "Calibrated",
        "Capacity-aware",
        "Capacity-aware MMR",
        "Cosine",
        "DPP",
        "GNN",
        "MMR",
        "Random",
        "Sequential"
      ],
      "mobius_values": [
        0.35052738095238095,
        0.21111488095238096,
        0.22472916666666667,
        0.3446732142857143,
        0.3040267857142857,
        0.36641488095238095,
        0.3243220238095238,
        0.3143577380952381,
        0.3605619047619048
      ],
      "movielens_values": [
        2.83875,
        2.6979166666666665,
        1.6820833333333334,
        3.583333333333333,
        2.6141666666666667,
        3.0258333333333334,
        2.7158333333333333,
        2.06125,
        3.5141666666666667
      ],
      "consistent": true
    },
    "hall_utilization_variance": {
      "spearman_rho": 0.8166666666666667,
      "p_value": 0.0072247852463587885,
      "policies": [
        "Calibrated",
        "Capacity-aware",
        "Capacity-aware MMR",
        "Cosine",
        "DPP",
        "GNN",
        "MMR",
        "Random",
        "Sequential"
      ],
      "mobius_values": [
        0.10788380348534475,
        0.008497439648945998,
        0.012698785092802554,
        0.0920774619047619,
        0.05978341056521374,
        0.09704547256235828,
        0.07310535933484505,
        0.038829211405055845,
        0.09090080057949106
      ],
      "movielens_values": [
        1.595396400935374,
        0.6393766754062737,
        0.032267002787226,
        1.9417231205120937,
        1.0965677799036282,
        1.3157888281840515,
        1.217742713766062,
        0.235426377787226,
        1.6099771549036281
      ],
      "consistent": true
    },
    "hall_load_gini": {
      "spearman_rho": -0.2833333333333333,
      "p_value": 0.46003032896572005,
      "policies": [
        "Calibrated",
        "Capacity-aware",
        "Capacity-aware MMR",
        "Cosine",
        "DPP",
        "GNN",
        "MMR",
        "Random",
        "Sequential"
      ],
      "mobius_values": [
        0.26704471075205055,
        0.2912557336811126,
        0.28437025978908403,
        0.25170661356955787,
        0.27564702066160884,
        0.23657394346095859,
        0.2654097568716265,
        0.2336714079381449,
        0.2538965677627412
      ],
      "movielens_values": [
        0.7053203243024471,
        0.6286803681148027,
        0.5695677658026436,
        0.6972834482330559,
        0.674114860121533,
        0.6809117223775965,
        0.6798928315817611,
        0.6020508627117386,
        0.6848162174208375
      ],
      "consistent": false
    },
    "overflow_rate_choice": {
      "spearman_rho": -0.33054822023873126,
      "p_value": 0.3849508029340386,
      "policies": [
        "Calibrated",
        "Capacity-aware",
        "Capacity-aware MMR",
        "Cosine",
        "DPP",
        "GNN",
        "MMR",
        "Random",
        "Sequential"
      ],
      "mobius_values": [
        0.5111111111111111,
        0.22777777777777777,
        0.2111111111111111,
        0.4611111111111111,
        0.35555555555555557,
        0.5222222222222223,
        0.43333333333333335,
        0.5222222222222223,
        0.4444444444444444
      ],
      "movielens_values": [
        0.876,
        1.0,
        1.0,
        0.912,
        0.928,
        0.928,
        0.92,
        1.0,
        0.912
      ],
      "consistent": false
    },
    "mean_user_utility": {
      "spearman_rho": 0.5166666666666667,
      "p_value": 0.15439012098622507,
      "policies": [
        "Calibrated",
        "Capacity-aware",
        "Capacity-aware MMR",
        "Cosine",
        "DPP",
        "GNN",
        "MMR",
        "Random",
        "Sequential"
      ],
      "mobius_values": [
        0.31565567444559667,
        0.3134903641870949,
        0.3151885550309391,
        0.32326265721081954,
        0.319728278283913,
        0.3082095755493963,
        0.32249390938804606,
        0.30107604751481537,
        0.30587001413749804
      ],
      "movielens_values": [
        0.5810516973770689,
        0.5425286946434644,
        0.49559663669824366,
        0.5966700081855757,
        0.5575461334532243,
        0.5844610502380645,
        0.5769064562780201,
        0.39269904862120747,
        0.5615364541250049
      ],
      "consistent": true
    }
  }
}