{
  "H2_fatigue": {
    "hypothesis": "H2: skip rate монотонно растёт по слоту (fatigue)",
    "expected": "slope > 0, p < 0.05",
    "by_policy": {
      "Capacity-aware": {
        "slope": 0.046323529411764694,
        "intercept": -0.06249999999999983,
        "pearson_r": 0.6842347288643232,
        "p_value": 0.0034612822923618435,
        "n_slots": 16
      },
      "Cosine": {
        "slope": 0.05079411764705882,
        "intercept": -0.10799999999999998,
        "pearson_r": 0.7149441113727223,
        "p_value": 0.0018531859426503606,
        "n_slots": 16
      },
      "MMR": {
        "slope": 0.04708823529411765,
        "intercept": -0.05900000000000005,
        "pearson_r": 0.6858286026945178,
        "p_value": 0.0033568181535686497,
        "n_slots": 16
      }
    },
    "verdict": "supported"
  },
  "H3_social": {
    "hypothesis": "H3: социальное копирование — коррелирует ли активность друзей с моей",
    "expected": "Pearson r > 0.1, p < 0.05",
    "by_policy": {
      "Cosine": {
        "pearson_r": 0.6774700556639762,
        "p_value": 1.4996062013783085e-108,
        "n_observations": 800
      },
      "MMR": {
        "pearson_r": 0.6902347821287454,
        "p_value": 3.0486372151873725e-114,
        "n_observations": 800
      },
      "Capacity-aware": {
        "pearson_r": 0.6139324630154465,
        "p_value": 4.860683021226745e-84,
        "n_observations": 800
      }
    },
    "verdict": "supported"
  },
  "H5_robustness": {
    "hypothesis": "H5: ранжирование политик устойчиво между конфигурациями",
    "expected": "Spearman ρ ≥ 0.5 между конфигурациями (top-3 устойчивы)",
    "common_policies": [
      "Capacity-aware",
      "Capacity-aware MMR",
      "Cosine",
      "MMR",
      "Random"
    ],
    "pairwise_correlations": {
      "mobius_cosine_vs_mobius_learned": {
        "spearman_rho": 0.9486832980505137,
        "p_value": 0.013846832988859102,
        "n_policies": 5
      },
      "mobius_cosine_vs_mobius_learned_with_ppo_llm": {
        "spearman_rho": 0.9486832980505137,
        "p_value": 0.013846832988859102,
        "n_policies": 5
      },
      "mobius_cosine_vs_mobius_11policies": {
        "spearman_rho": 0.9486832980505137,
        "p_value": 0.013846832988859102,
        "n_policies": 5
      },
      "mobius_cosine_vs_demo_day_full": {
        "spearman_rho": 0.6324555320336759,
        "p_value": 0.25221549635550466,
        "n_policies": 5
      },
      "mobius_cosine_vs_demo_day_learned": {
        "spearman_rho": 0.6324555320336759,
        "p_value": 0.25221549635550466,
        "n_policies": 5
      },
      "mobius_learned_vs_mobius_learned_with_ppo_llm": {
        "spearman_rho": 0.9999999999999999,
        "p_value": 1.4042654220543602e-24,
        "n_policies": 5
      },
      "mobius_learned_vs_mobius_11policies": {
        "spearman_rho": 0.9999999999999999,
        "p_value": 1.4042654220543602e-24,
        "n_policies": 5
      },
      "mobius_learned_vs_demo_day_full": {
        "spearman_rho": 0.7,
        "p_value": 0.1881204043741873,
        "n_policies": 5
      },
      "mobius_learned_vs_demo_day_learned": {
        "spearman_rho": 0.7,
        "p_value": 0.1881204043741873,
        "n_policies": 5
      },
      "mobius_learned_with_ppo_llm_vs_mobius_11policies": {
        "spearman_rho": 0.9999999999999999,
        "p_value": 1.4042654220543602e-24,
        "n_policies": 5
      },
      "mobius_learned_with_ppo_llm_vs_demo_day_full": {
        "spearman_rho": 0.7,
        "p_value": 0.1881204043741873,
        "n_policies": 5
      },
      "mobius_learned_with_ppo_llm_vs_demo_day_learned": {
        "spearman_rho": 0.7,
        "p_value": 0.1881204043741873,
        "n_policies": 5
      },
      "mobius_11policies_vs_demo_day_full": {
        "spearman_rho": 0.7,
        "p_value": 0.1881204043741873,
        "n_policies": 5
      },
      "mobius_11policies_vs_demo_day_learned": {
        "spearman_rho": 0.7,
        "p_value": 0.1881204043741873,
        "n_policies": 5
      },
      "demo_day_full_vs_demo_day_learned": {
        "spearman_rho": 0.9999999999999999,
        "p_value": 1.4042654220543602e-24,
        "n_policies": 5
      }
    },
    "avg_spearman_rho": 0.8207307305479261,
    "verdict": "supported"
  }
}