{
  "train": {
    "n": 296251,
    "pearson_r": 0.34730803966522217,
    "spearman_r": 0.33142914054524114,
    "mse": 0.18708272278308868,
    "mae": 0.37226125597953796,
    "baseline_cosine_pearson": 0.48277902603149414,
    "baseline_cosine_spearman": 0.4740250444746872,
    "auc": 0.7081394857828556
  },
  "val": {
    "n": 42973,
    "pearson_r": 0.29685425758361816,
    "spearman_r": 0.279951098091837,
    "mse": 0.18086527287960052,
    "mae": 0.36498889327049255,
    "baseline_cosine_pearson": 0.47640007734298706,
    "baseline_cosine_spearman": 0.4602281515175445,
    "auc": 0.6814827962300294
  },
  "test": {
    "n": 82338,
    "pearson_r": 0.3219034969806671,
    "spearman_r": 0.30615394859870765,
    "mse": 0.1917797178030014,
    "mae": 0.37694770097732544,
    "baseline_cosine_pearson": 0.4894244074821472,
    "baseline_cosine_spearman": 0.4802494635769135,
    "auc": 0.691584195012549
  }
}