{
  "train": {
    "n": 8399,
    "pearson_r": 0.9469036388734802,
    "spearman_r": 0.8115772598738542,
    "mse": 0.00739355529488753,
    "mae": 0.057701398276640066,
    "baseline_cosine_pearson": 0.20818069577217102,
    "baseline_cosine_spearman": 0.20373225730930367
  },
  "val": {
    "n": 1200,
    "pearson_r": 0.7215406849117904,
    "spearman_r": 0.6784885006925134,
    "mse": 0.031395477347739904,
    "mae": 0.125667686264244,
    "baseline_cosine_pearson": 0.12966905534267426,
    "baseline_cosine_spearman": 0.12500033712448472
  },
  "test": {
    "n": 2400,
    "pearson_r": 0.7336141130683134,
    "spearman_r": 0.6936484721810696,
    "mse": 0.02809935240715704,
    "mae": 0.11994889219860719,
    "baseline_cosine_pearson": 0.19886109232902527,
    "baseline_cosine_spearman": 0.19977891408835413
  }
}