{
  "train": {
    "n": 8399,
    "pearson_r": 0.9444083742966243,
    "spearman_r": 0.8108781227358293,
    "mse": 0.00763356233486471,
    "mae": 0.05832277629970293,
    "baseline_cosine_pearson": 0.3182637095451355,
    "baseline_cosine_spearman": 0.28313561085340644
  },
  "val": {
    "n": 1200,
    "pearson_r": 0.7893437103231626,
    "spearman_r": 0.7355835480160441,
    "mse": 0.023394342269706454,
    "mae": 0.10726501450644302,
    "baseline_cosine_pearson": 0.316010057926178,
    "baseline_cosine_spearman": 0.30040170980771325
  },
  "test": {
    "n": 2400,
    "pearson_r": 0.7931776785249705,
    "spearman_r": 0.7293421405255082,
    "mse": 0.022703245809206903,
    "mae": 0.10505362735312417,
    "baseline_cosine_pearson": 0.35959964990615845,
    "baseline_cosine_spearman": 0.31964019229309276
  }
}