{
  "config": {
    "K": 3,
    "tau": 0.3,
    "lambda_overflow": 2.0,
    "p_skip_base": 0.05,
    "seeds": [
      1
    ],
    "n_users": 100,
    "conference": "Demo Day ITMO 2026",
    "concurrency": 10,
    "api_concurrency": 20,
    "model": "openai/gpt-4o-mini"
  },
  "runs": [
    {
      "policy": "LLM-ranker (state-aware)",
      "seed": 1,
      "elapsed_s": 809.7806129455566,
      "metrics": {
        "overflow_rate_all": 0.25252525252525254,
        "overflow_rate_choice": 0.26595744680851063,
        "hall_utilization_variance": 0.03887881166106681,
        "mean_user_utility": 0.2915282070111217,
        "hall_load_gini": 0.2564457334433122,
        "skip_rate": 0.04125,
        "mean_overload_excess": 0.2228005115089514
      }
    }
  ]
}